{
    "ID": 5250385493684030538,
    "TreeName": "T2",
    "Start": {
        "ID": -931752,
        "typeID": 5,
        "name": "T2 Start",
        "value": 0,
        "nextTID": -932702,
        "nextFID": 0,
        "position": [
            0.0,
            965.0,
            0.0
        ]
    },
    "elements": [
        {
            "ID": -932702,
            "typeID": 1,
            "name": "MoveUp",
            "value": 11,
            "nextTID": -932516,
            "nextFID": 0,
            "position": [
                -66.5,
                818.0004272460938,
                0.0
            ]
        },
        {
            "ID": -932516,
            "typeID": 1,
            "name": "MoveRight",
            "value": 14,
            "nextTID": -932396,
            "nextFID": 0,
            "position": [
                -68.5,
                685.0004272460938,
                0.0
            ]
        },
        {
            "ID": -932396,
            "typeID": 1,
            "name": "CollectGarbage",
            "value": 1,
            "nextTID": 0,
            "nextFID": 0,
            "position": [
                -83.5,
                557.0004272460938,
                0.0
            ]
        }
    ]
}